PART NUMBER,SERIAL NUMBER,,QTY
661-04582,F8Y246602CXG8H8DC,,1
661-04582,F8Y249105ACG8H8DW,,1
661-04580,F8Y904402T9FTHLDL,,1
661-04580,F8Y9024051UFTHLDE,,1
661-04581,F5D20660CEDG5NYCD,,1
661-13624,F8Y4495C2HNMD2CBH,,1
661-13624,F8Y4495C1XGMD2CBG,,1
923-05011,DXY040334YLNR5T5L,,1
923-05011,DXY04013DMZNR5T5Z,,1
923-04915,DTV037745DBNR6D5G,,1
923-04915,DTV03774B3ZNR6D5J,,1
923-05104,DTV036327VKNR6N5W,,1
923-05104,DTV036327URNR6N5T,,1
661-17921,F6D21661B3RMFGR5F,,1
661-17921,F6D20740YBUMFGR54,,1
661-17922,GCF10338N99MFGVBN,,1
661-17922,GCF242779GYMFGVBL,,1
923-06682,GH9132323EQ08098X,,1
923-06682,GH913232HZW08098N,,1
923-06682,GH913222GSL08098M,,1
923-06237,GH912953EQD033C83,,1
923-06237,GH912953HJS033C85,,1
923-06237,GH9129630KB033C8Z,,1
923-06258,GH713425R2D074286,,1
923-06258,GH7134238ZP07428U,,1
923-06258,GH713425AJL074280,,1
923-06643,GH713247A0D07478L,,1
923-06643,GH713246FH8074786,,1
923-06643,GH7132566T407478N,,1
661-14099,G9P1363CFBDJMPN53,,1
661-14099,G9P0455CKNRJMPN5R,,1
661-14099,G9P1203CH8TJMPN5F,,1
661-14099,G9P2352CLEBJMPN5S,,1
661-07288,C118046M3AUG192TZ,,1
661-07288,C119081M99FG192TZ,,1
661-07285,DKH947342DXG8GLSE,,1
661-07285,DKH947344F1G8GLS2,,1
661-07286,C118126M0AJG192TH,,1
661-07286,F7C7484RAFQG192TU,,1
661-07287,F7C7483R34DG192TC,,1
661-07287,C119082M3KUG192TV,,1
661-07289,F7C9276J958G8W9TG,,1
661-07289,F7C7493D48HG8W9TK,,1
661-07290,DTP74148DP6G8WHLS,,1
661-07290,F7C7473EALXG8WCTX,,1
661-07291,F7C9303J2U9G8WCT7,,1
661-07291,F7C9364J2KCG8WCTC,,1
661-07292,F7C9306JBQ9G8WCT7,,1
661-07292,F7C9044JC08G8WCT4,,1
923-06692,DTV131517FY07YR4A,,1
923-06692,DTV1315118F07YR4L,,1
923-06692,DTV131322XW07YR42,,1
923-06235,DTV13173EMB080367,,1
923-06235,DTV13173DYA08036A,,1
923-06256,CTH1356CBJ3080D5V,,1
923-06256,CTH1356CD0B080D55,,1
923-06256,CTH1355DAXX080D5V,,1
923-06648,CTH136327GZ080T3X,,1
923-06648,CTH13632018080T36,,1
923-06648,CTH13631FQ0080T31,,1
661-32232,GCF31923E5YQ59TB0,,1
661-32232,GCF43531X0BQ59TA0,,1
661-32232,DNL30950M43Q7173Y,,1
661-04579,FG91405022DFW5WF2,,1
661-04579,FG91465029NFW5WFN,,1
661-05755,F8Y431500KAH86CCL,,1
661-05755,F8Y431500NFH86CC6,,1
661-07293,FVQ9156E3MWH1NGAZ,,1
661-07293,DKH149131YLH1NQAN,,1
661-07294,F7C8134BA0FH1NHAX,,1
661-07295,DKH9483B89TH1NRAV,,1
661-07296,DKH1041129VH1NRA3,,1
661-07297,C3F0513M5J2H1FQAJ,,1
661-07297,C3F0467M20KH1FQA6,,1
661-07298,C3F0374M1UVH1FMAK,,1
661-07299,C3F9521Q8VYH1FMAL,,1
661-07300,C3F9523Q4UTH1FMAW,,1
661-07300,C3F0374M0B6H1FMAS,,1
661-13114,FXT742229YYJ6DX98,,1
661-13114,FXV010476WAJ6DX9G,,1
661-13114,FXV01118GE6J6DX9M,,1
661-13114,FXV011489XBJ6DX93,,1
661-13114,FXV010679LWJ6DX9M,,1
661-13114,FX90174GWY3J6DX9Z,,1
661-13114,FX90022GU5ZJ6DX92,,1
661-13114,FXV94962A1RJ6DX96,,1
661-10608,G9P22952G2ZJC4656,,1
661-10608,G9P22732E4WJC465D,,1
661-11037,G9P0455D96GJ4F84B,,1
661-11037,G9P1202D6E6J4F84H,,1
661-09032,C3F0033MAX9HLK8AK,,1
661-09033,FVQ9242D4U4HLK2AG,,1
661-09033,C3F8143K96CHLK7A3,,1
661-09034,C3F0473M4UTHLK7A1,,1
661-10103,C119115P8U3HLK3AX,,1
661-10103,C119017P7NWHLK3AN,,1
661-08933,DKH136732RCHNK0AY,,1
661-08934,DKH9135K1HZHNJYAG,,1
661-08934,C3F7414DCESHNJRA5,,1
661-09081,DKH137633NLHNJYA1,,1
661-09081,DKH928268EWHNJYAD,,1
661-10102,C3F8015B2D7HNJTA7,,1
661-10102,FVQ8062H11CHNJMAT,,1
661-17940,G9Q0526NLJXLQHJA4,,1
661-18503,GVH31359UJPLQHMAE,,1
661-18504,G9N4242CDAHLQHKA1,,1
661-11232,F7C2115T054JH41AV,,1
661-11232,F7C2122T37LJH41A4,,1
661-11232,C3F2023GCNSJLNMAE,,1
661-11232,C3F2023GC7MJLNMAW,,1
661-11232,C3F2025G33QJLNMAC,,1
661-14096,G9P0382XAKBJMPM6T,,1
661-14096,G9P0381XKD6JMPM68,,1
661-14096,G9P1181A51MJMPM63,,1
661-14096,G9P1181AL6HJMPM6B,,1
661-14096,G9P1365A44MJMPM6V,,1
661-14098,F7C4212C1HYKV27AQ,,1
661-14098,F7C4215C49DKV27AT,,1
661-05755,F8Y5104C0CVH86CCP,,1
661-13624,F8Y5115C1NXMD2CBJ,,1
661-22311,G9Q4491APCLPRRDAA,,1
661-13624,F8Y5115C1PCMD2CB0,,1
661-13569,F5D52440CKSLTDMBP,,1
661-13624,F8Y5135C154MD2CBN,,1
661-13569,F5D51941NTALTDMBN,,1
661-05421,F5D53270F5UH885CG,,1
661-22311,G9Q5305BK41PRRDA7,,1
661-13569,F5D53170H6ZLTDMBM,,1
661-14098,DKH5332F0Y704FPA8,,1
661-14098,DKH5326F0V604FPAH,,1
661-22293,DN85236ASNQQ1NMDC,,1
661-14098,DKH5443F09K04FPAS,,1
661-22293,DN84196FSL5Q1NMD8,,1
661-14098,DKH5443F0NU04FPAC,,1
661-21988,G9P5381C32WPR5QAT,,1
661-22293,DN84203FA6YQ1NMD0,,1
661-22311,G9Q5305B3HKPRRDA0,,1
661-17939,F8Y5402C5DC02JNBB,,1
661-35885,F8YHN0C178000006TW,,1
661-21993,G9P5163L6QDPQCKAA,,1
661-21993,G9P5162LGD6PQCKA7,,1
923-06235,DTV132511TV08036P,,1
661-56125,G9PHPUD2BC90000L4B,,1
661-30397,F8Y6042C2TT20J9BP,,1
661-35885,F8YHRDC09X800006TW,,1
661-30366,G9Q5173ENN51502AQ,,1
661-30382,F8Y6117C5NF217WBT,,1
661-30382,F8Y6122C161217WBT,,1
661-22309,G9P4443MCN2PQCLAP,,1
661-21988,GVH51810918PR5PAX,,1
661-30366,G9Q5173WM0Q1502AQ,,1
661-29370,G9P5271P61Y14YCAE,,1
661-29370,G9P5267PNGV14YCAM,,1
661-42843,G9HHHL17CP00004Y9,,1
661-21988,G9Q5173PPEYPR5QA6,,1
661-21988,G9Q5172CA52PR5QA8,,1
661-30401,G9P5205NKA614YDAK,,1
661-36706,G9Q5345UL1A21KHAA,,1
661-36706,G9Q5392UKKC21KHAB,,1
661-35699,G9P5233R3431PHPAN,,1
661-35699,G9P5234RBKA1PHPAV,,1
661-36915,G9P5276Q2501PHRA9,,1
661-36915,G9P5333Q7NL1PHRAF,,1
661-37213,G9Q5315S1C51PHMAZ,,1
661-30373,F8Y5514C13P231LB6,,1
661-30394,F8Y5457C5QC237KBM,,1
661-30394,F8Y5457C7BQ237KBC,,1
661-35694,F8YHP7C0H3600006TP,,1
661-37207,F8YHNVC00NV00006U0,,1
661-37207,F8YHNVC03KD00006U0,,1
661-36918,FG9HNR006KQ00006TT,,1
661-36918,FG9HP4003KV00006TT,,1
661-44796,FG9HM5003B10000R3T,,1
661-44796,FG9HM5003AT0000R3T,,1
661-42720,F8YHN7A047Z0000RZ2,,1
661-42837,F8YHLS00L340000RSS,,1
661-44954,F8YHLQH03VH0000UMJ,,1
661-56065,GVCHP202L1K0000U6M,,1
661-55240,GVCHKL02GX20000HU9,,1
661-42843,G9QHNTT07L000004Y9,,1
661-44797,G9NHQ6218MN00004Y7,,1
661-44955,G9PHKBS0PF800005DR,,1
661-56064,F8YHKR00B8F0001510,,1
661-55235,F8YHKLY0QWA00017SP,,1
661-56049,FG9HL5018WZ00015XX,,1
661-56121,F8YHKS011H3000161P,,1
661-56056,FG9HKT00TL100015Y1,,1